"Status","Start Time","Stop Time","Duration in ms","Parent Suite","Suite","Sub Suite","Test Class","Test Method","Name","Description"
"passed","Sat Aug 15 22:18:38 CST 2020","Sat Aug 15 22:18:38 CST 2020","0","","test_module","TestCase","","","test_add_raise[1-x]",""
"passed","Sat Aug 15 22:18:38 CST 2020","Sat Aug 15 22:18:38 CST 2020","0","","test_module","TestCase","","","test_add_int[-5--5--10]",""
"passed","Sat Aug 15 22:18:38 CST 2020","Sat Aug 15 22:18:38 CST 2020","0","","test_module","TestCase","","","test_add_int[5-5-10]",""
"passed","Sat Aug 15 22:18:38 CST 2020","Sat Aug 15 22:18:38 CST 2020","0","","test_module","TestCase","","","test_add_int[-9223372036854775806--1--9223372036854775807]",""
"passed","Sat Aug 15 22:18:38 CST 2020","Sat Aug 15 22:18:38 CST 2020","0","","test_module","TestCase","","","test_add_float[-9223372036854775807--1--9223372036854775808]",""
"passed","Sat Aug 15 22:18:38 CST 2020","Sat Aug 15 22:18:38 CST 2020","0","","test_module","TestCase","","","test_add_int[9223372036854775807-1-9223372036854775808]",""
"passed","Sat Aug 15 22:18:39 CST 2020","Sat Aug 15 22:18:39 CST 2020","0","","test_module","TestCase","","","test_div_raise[5-x]",""
"passed","Sat Aug 15 22:18:38 CST 2020","Sat Aug 15 22:18:38 CST 2020","0","","test_module","TestCase","","","test_add_int[0-0-0]",""
"passed","Sat Aug 15 22:18:38 CST 2020","Sat Aug 15 22:18:38 CST 2020","0","","test_module","TestCase","","","test_add_int[-10-30-20]",""
"passed","Sat Aug 15 22:18:38 CST 2020","Sat Aug 15 22:18:38 CST 2020","0","","test_module","TestCase","","","test_add_float[0.5-0.5-1.0]",""
"passed","Sat Aug 15 22:18:38 CST 2020","Sat Aug 15 22:18:38 CST 2020","0","","test_module","TestCase","","","test_div_int[10-2-5]",""
"passed","Sat Aug 15 22:18:38 CST 2020","Sat Aug 15 22:18:38 CST 2020","0","","test_module","TestCase","","","test_div_raise[4-0]",""
"passed","Sat Aug 15 22:18:38 CST 2020","Sat Aug 15 22:18:38 CST 2020","0","","test_module","TestCase","","","test_div_float[7.09-2-3.54]",""
"passed","Sat Aug 15 22:18:38 CST 2020","Sat Aug 15 22:18:38 CST 2020","0","","test_module","TestCase","","","test_add_int[9223372036854775806-1-9223372036854775807]",""
"passed","Sat Aug 15 22:18:38 CST 2020","Sat Aug 15 22:18:38 CST 2020","0","","test_module","TestCase","","","test_add_int[-9223372036854775807--1--9223372036854775808]",""
"passed","Sat Aug 15 22:18:38 CST 2020","Sat Aug 15 22:18:38 CST 2020","0","","test_module","TestCase","","","test_add_float[10.0-10.0-20.0]",""
"passed","Sat Aug 15 22:18:38 CST 2020","Sat Aug 15 22:18:38 CST 2020","0","","test_module","TestCase","","","test_div_int[10-3-3.33]",""
"passed","Sat Aug 15 22:18:38 CST 2020","Sat Aug 15 22:18:38 CST 2020","0","","test_module","TestCase","","","test_add_raise[x-1]",""
"passed","Sat Aug 15 22:18:38 CST 2020","Sat Aug 15 22:18:38 CST 2020","0","","test_module","TestCase","","","test_div_int[2-4-0.5]",""
